"分类","中文原文","英文","日文","韩文","繁體中文","翻译来源","出现次数","文件","行号","建议Key"
"界面·动态(C#)","AMM 有新版本 v{info.Version}（来源：{info.SourceLabel}）　·　当前 v{AppUpdateService.CurrentVersion}","","","","","","1","src\AdofaiModManager\MainWindow.xaml.cs","75","MainWindow.xaml_75"
"界面·动态(C#)","{DownloadCount / 10000.0:0.#} 万","","","","","","1","src\AdofaiModManager\Models\AdofaiToolsModels.cs","94","AdofaiToolsModels_94"
"界面·动态(C#)","依赖："" + string.Join(""、","","","","","","1","src\AdofaiModManager\Models\InstalledMod.cs","62","InstalledMod_62"
"界面·动态(C#)","作者 {Author}","","","","","","1","src\AdofaiModManager\Models\InstalledMod.cs","98","InstalledMod_98"
"界面·动态(C#)","游戏 {GameVersion}","","","","","","1","src\AdofaiModManager\Models\InstalledMod.cs","103","InstalledMod_103"
"界面·动态(C#)","未设置","","","","","","1","src\AdofaiModManager\Models\UpdateModels.cs","27","UpdateModels_27"
"界面·动态(C#)","检查失败","","","","","","1","src\AdofaiModManager\Models\UpdateModels.cs","72","UpdateModels_72"
"界面·动态(C#)","可更新 → {RemoteVersion}","","","","","","1","src\AdofaiModManager\Models\UpdateModels.cs","74","UpdateModels_74"
"界面·动态(C#)","已是最新","","","","","","1","src\AdofaiModManager\Models\UpdateModels.cs","75","UpdateModels_75"
"界面·动态(C#)","接口返回 {(int)response.StatusCode}：{detail ?? response.ReasonPhrase}","","","","","","1","src\AdofaiModManager\Services\AdofaiToolsClient.cs","230","AdofaiToolsClient_230"
"界面·动态(C#)","没有找到适合当前版本（安装版 / 绿色版）的下载文件，请手动下载。","","","","","","1","src\AdofaiModManager\Services\AppSelfUpdater.cs","46","AppSelfUpdater_46"
"界面·动态(C#)","正在读取本地更新包 v{info.Version} …","","","","","","1","src\AdofaiModManager\Services\AppSelfUpdater.cs","74","AppSelfUpdater_74"
"界面·动态(C#)","正在下载 v{info.Version} …　0%","","","","","","1","src\AdofaiModManager\Services\AppSelfUpdater.cs","79","AppSelfUpdater_79"
"界面·动态(C#)","下载完成，正在打开安装程序…","","","","","","1","src\AdofaiModManager\Services\AppSelfUpdater.cs","86","AppSelfUpdater_86"
"界面·动态(C#)","正在解压…","","","","","","1","src\AdofaiModManager\Services\AppSelfUpdater.cs","91","AppSelfUpdater_91"
"界面·动态(C#)","压缩包里的版本（{manifestVersion}）与要更新的版本（{info.Version}）不一致，已中止。","","","","","","1","src\AdofaiModManager\Services\AppSelfUpdater.cs","99","AppSelfUpdater_99"
"界面·动态(C#)","压缩包里没有找到安装程序，请手动下载安装。","","","","","","1","src\AdofaiModManager\Services\AppSelfUpdater.cs","107","AppSelfUpdater_107"
"界面·动态(C#)","正在打开安装程序…","","","","","","1","src\AdofaiModManager\Services\AppSelfUpdater.cs","113","AppSelfUpdater_113"
"界面·动态(C#)","压缩包里没有找到程序文件，已中止。","","","","","","1","src\AdofaiModManager\Services\AppSelfUpdater.cs","119","AppSelfUpdater_119"
"界面·动态(C#)","(无)","","","","","","1","src\AdofaiModManager\Services\AppSelfUpdater.cs","126","AppSelfUpdater_126"
"界面·动态(C#)","准备替换文件…","","","","","","1","src\AdofaiModManager\Services\AppSelfUpdater.cs","131","AppSelfUpdater_131"
"界面·动态(C#)","更新已取消。","","","","","","1","src\AdofaiModManager\Services\AppSelfUpdater.cs","136","AppSelfUpdater_136"
"界面·动态(C#)","更新失败：{ex.Message}","","","","","","1","src\AdofaiModManager\Services\AppSelfUpdater.cs","140","AppSelfUpdater_140"
"界面·动态(C#)","正在下载 v{version} …　{percent}%（{read / 1048576.0:0.#} / {total / 1048576.0:0.#} MB）","","","","","","1","src\AdofaiModManager\Services\AppSelfUpdater.cs","171","AppSelfUpdater_171"
"界面·动态(C#)","正在下载 v{version} …　{read / 1048576.0:0.#} MB","","","","","","1","src\AdofaiModManager\Services\AppSelfUpdater.cs","175","AppSelfUpdater_175"
"界面·动态(C#)","安装程序已打开，请按提示完成更新（安装时会自动关闭 AMM，装完自动重新打开）。","","","","","","1","src\AdofaiModManager\Services\AppSelfUpdater.cs","320","AppSelfUpdater_320"
"界面·动态(C#)","打开安装程序失败：{ex.Message}","","","","","","1","src\AdofaiModManager\Services\AppSelfUpdater.cs","325","AppSelfUpdater_325"
"界面·动态(C#)","正在替换文件，AMM 即将退出并自动重启完成更新。","","","","","","1","src\AdofaiModManager\Services\AppSelfUpdater.cs","390","AppSelfUpdater_390"
"界面·动态(C#)","准备替换失败：{ex.Message}","","","","","","1","src\AdofaiModManager\Services\AppSelfUpdater.cs","394","AppSelfUpdater_394"
"界面·动态(C#)","资源站","Mod site","Mod サイト","모드 사이트","資源站","DeepSeek 机翻（待校对）","3","src\AdofaiModManager\Services\AppUpdateService.cs","130","AppUpdateService_130"
"界面·动态(C#)","本地测试包","","","","","","1","src\AdofaiModManager\Services\AppUpdateService.cs","160","AppUpdateService_160"
"界面·动态(C#)","你是「安装版」：会下载安装包并自动打开，按提示完成安装即可。","","","","","","1","src\AdofaiModManager\Services\AppUpdateService.cs","212","AppUpdateService_212"
"界面·动态(C#)","你是「绿色版」：会下载 zip 并自动解压覆盖，完成后自动重启。","","","","","","1","src\AdofaiModManager\Services\AppUpdateService.cs","213","AppUpdateService_213"
"界面·动态(C#)","该 mod 没有可用的更新源。","","","","","","1","src\AdofaiModManager\Services\GitHubUpdateService.cs","150","GitHubUpdateService_150"
"界面·动态(C#)","检查失败：{ex.Message}","","","","","","1","src\AdofaiModManager\Services\GitHubUpdateService.cs","155","GitHubUpdateService_155"
"界面·动态(C#)","Repository.json 里没有版本信息。","","","","","","1","src\AdofaiModManager\Services\GitHubUpdateService.cs","197","GitHubUpdateService_197"
"界面·动态(C#)","Repository.json 里没有下载地址。","","","","","","1","src\AdofaiModManager\Services\GitHubUpdateService.cs","206","GitHubUpdateService_206"
"界面·动态(C#)","发现新版本 {remote}"" : $""已是最新（{localVersion ?? ""未知""}）","","","","","","1","src\AdofaiModManager\Services\GitHubUpdateService.cs","219","GitHubUpdateService_219"
"界面·动态(C#)","仓库 {owner}/{repo} 的最新 Release 里没有找到可下载的 zip。","","","","","","1","src\AdofaiModManager\Services\GitHubUpdateService.cs","280","GitHubUpdateService_280"
"界面·动态(C#)","发现新版本 {tag}（{zipName}）","","","","","","1","src\AdofaiModManager\Services\GitHubUpdateService.cs","295","GitHubUpdateService_295"
"界面·动态(C#)","已是最新（{localVersion ?? ""未知""}）","","","","","","1","src\AdofaiModManager\Services\GitHubUpdateService.cs","296","GitHubUpdateService_296"
"界面·动态(C#)","内置内核缺失，请重新安装本软件。","","","","","","2","src\AdofaiModManager\Services\KernelBootstrapper.cs","27","KernelBootstrapper_27"
"界面·动态(C#)","正在从资源站检查最新内核…","","","","","","1","src\AdofaiModManager\Services\KernelBootstrapper.cs","34","KernelBootstrapper_34"
"界面·动态(C#)","资源站有更新的内核 {site.Value.VersionId}，正在下载…","","","","","","1","src\AdofaiModManager\Services\KernelBootstrapper.cs","40","KernelBootstrapper_40"
"界面·动态(C#)","正在使用内置内核 {bundled.Version}…","","","","","","1","src\AdofaiModManager\Services\KernelBootstrapper.cs","59","KernelBootstrapper_59"
"界面·动态(C#)","资源站上没有找到 UnityModManager，可改用内置内核或导入本地 zip。","","","","","","1","src\AdofaiModManager\Services\KernelBootstrapper.cs","72","KernelBootstrapper_72"
"界面·动态(C#)","正在下载资源站内核 {site.Value.VersionId}…","","","","","","1","src\AdofaiModManager\Services\KernelBootstrapper.cs","75","KernelBootstrapper_75"
"界面·动态(C#)","内核 {kernel.Version} 已部署。","","","","","","1","src\AdofaiModManager\Services\KernelService.cs","131","KernelService_131"
"界面·动态(C#)","没有更早的内核版本可以回滚。","","","","","","1","src\AdofaiModManager\Services\KernelService.cs","148","KernelService_148"
"界面·动态(C#)","已回滚到内核 {chosen.Version}。","","","","","","1","src\AdofaiModManager\Services\KernelService.cs","156","KernelService_156"
"界面·动态(C#)","UnityModManager"", note = ""部署前自动备份","","","","","","1","src\AdofaiModManager\Services\KernelService.cs","194","KernelService_194"
"界面·动态(C#)","清单里的版本号为空。","","","","","","1","src\AdofaiModManager\Services\KernelService.cs","210","KernelService_210"
"界面·动态(C#)","该版本没有提供下载地址。","","","","","","1","src\AdofaiModManager\Services\KernelService.cs","215","KernelService_215"
"界面·动态(C#)","校验失败：下载的内核与清单里的 sha256 不一致，已放弃（可能被篡改或下载不完整）。","","","","","","1","src\AdofaiModManager\Services\KernelService.cs","243","KernelService_243"
"界面·动态(C#)","该内核包里没有找到 UnityModManager.dll，可能不是有效的内核包。","","","","","","1","src\AdofaiModManager\Services\KernelService.cs","259","KernelService_259"
"界面·动态(C#)","内核 {release.Version} 已下载。","","","","","","1","src\AdofaiModManager\Services\KernelService.cs","279","KernelService_279"
"界面·动态(C#)","下载内核失败：{ex.Message}","","","","","","1","src\AdofaiModManager\Services\KernelService.cs","283","KernelService_283"
"界面·动态(C#)","没有指定内核来源。","","","","","","1","src\AdofaiModManager\Services\KernelService.cs","311","KernelService_311"
"界面·动态(C#)","本地导入 / 手动指定","","","","","","1","src\AdofaiModManager\Services\KernelService.cs","318","KernelService_318"
"界面·动态(C#)","UnityModManager"", note = ""本地导入","","","","","","1","src\AdofaiModManager\Services\KernelService.cs","344","KernelService_344"
"界面·动态(C#)","本地导入","","","","","","1","src\AdofaiModManager\Services\KernelService.cs","352","KernelService_352"
"界面·动态(C#)","内核 {kernel.Version} 已就绪。","","","","","","1","src\AdofaiModManager\Services\KernelService.cs","361","KernelService_361"
"界面·动态(C#)","没找到游戏主程序：{ExecutablePath}","","","","","","1","src\AdofaiModManager\Services\LoaderService.cs","108","LoaderService_108"
"界面·动态(C#)","内核目录不存在：{kernelDirectory}","","","","","","1","src\AdofaiModManager\Services\LoaderService.cs","113","LoaderService_113"
"界面·动态(C#)","内核缺少注入组件：{Path.GetFileName(winhttpSource)}","","","","","","1","src\AdofaiModManager\Services\LoaderService.cs","153","LoaderService_153"
"界面·动态(C#)","UMM 加载器部署完成。现在可以启动游戏了。","","","","","","1","src\AdofaiModManager\Services\LoaderService.cs","172","LoaderService_172"
"界面·动态(C#)","部署失败：{ex.Message}","","","","","","1","src\AdofaiModManager\Services\LoaderService.cs","176","LoaderService_176"
"界面·动态(C#)","（已恢复原 winhttp.dll）","","","","","","1","src\AdofaiModManager\Services\LoaderService.cs","203","LoaderService_203"
"界面·动态(C#)","UnityModManager 目录","","","","","","1","src\AdofaiModManager\Services\LoaderService.cs","209","LoaderService_209"
"界面·动态(C#)","没有找到需要卸载的加载器文件。","","","","","","1","src\AdofaiModManager\Services\LoaderService.cs","213","LoaderService_213"
"界面·动态(C#)","已卸载："" + string.Join(""、","","","","","","1","src\AdofaiModManager\Services\LoaderService.cs","214","LoaderService_214"
"界面·动态(C#)","这是 UMM 早期「Assembly 方式」留下的，需要谨慎处理，暂未自动还原。","","","","","","1","src\AdofaiModManager\Services\LoaderService.cs","220","LoaderService_220"
"界面·动态(C#)","卸载失败：{ex.Message}","","","","","","2","src\AdofaiModManager\Services\LoaderService.cs","227","LoaderService_227"
"界面·动态(C#)","文件不存在。","","","","","","1","src\AdofaiModManager\Services\ModService.cs","108","ModService_108"
"界面·动态(C#)","这不是 UMM 格式的 mod：压缩包里没有找到 Info.json。","","","","","","1","src\AdofaiModManager\Services\ModService.cs","120","ModService_120"
"界面·动态(C#)","Info.json 无效或缺少 Id 字段。","","","","","","1","src\AdofaiModManager\Services\ModService.cs","131","ModService_131"
"界面·动态(C#)","（已合并 {oldFolders.Count - 1} 个重复文件夹）","","","","","","1","src\AdofaiModManager\Services\ModService.cs","221","ModService_221"
"界面·动态(C#)","已安装 {info.DisplayName ?? info.Id} {info.Version}。{restored}","","","","","","1","src\AdofaiModManager\Services\ModService.cs","224","ModService_224"
"界面·动态(C#)","安装失败：{ex.Message}","","","","","","1","src\AdofaiModManager\Services\ModService.cs","229","ModService_229"
"界面·动态(C#)","下载安装失败：{ex.Message}","","","","","","1","src\AdofaiModManager\Services\ModService.cs","344","ModService_344"
"界面·动态(C#)","已卸载 {mod.DisplayName}。","","","","","","1","src\AdofaiModManager\Services\ModService.cs","432","ModService_432"
"界面·动态(C#)","已启用 {mod.DisplayName}。"" : $""已禁用 {mod.DisplayName}。","","","","","","1","src\AdofaiModManager\Services\ModService.cs","445","ModService_445"
"界面·动态(C#)","修改启用状态失败：{ex.Message}","","","","","","1","src\AdofaiModManager\Services\ModService.cs","449","ModService_449"
"界面·动态(C#)","该 mod 没有可下载的文件。","","","","","","2","src\AdofaiModManager\Services\SiteInstaller.cs","29","SiteInstaller_29"
"界面·动态(C#)","GitHub 未连通","","","","","","1","src\AdofaiModManager\Services\UpdateCenter.cs","264","UpdateCenter_264"
"界面·动态(C#)","GitHub 检查失败"" : ""更新源检查失败","","","","","","1","src\AdofaiModManager\Services\UpdateCenter.cs","278","UpdateCenter_278"
"界面·动态(C#)","资源站有新版 {remote}（本地 {local}，两者版本号规则不同）","","","","","","1","src\AdofaiModManager\Services\UpdateCenter.cs","394","UpdateCenter_394"
"界面·动态(C#)","资源站为 {remote}，本地为 {local}（版本号规则不同，无法逐段比较）","","","","","","1","src\AdofaiModManager\Services\UpdateCenter.cs","395","UpdateCenter_395"
"界面·动态(C#)","资源站有新版 {remote}"" : $""资源站已是最新（{remote}）","","","","","","1","src\AdofaiModManager\Services\UpdateCenter.cs","398","UpdateCenter_398"
"界面·动态(C#)","资源站 {site.RemoteVersion}","","","","","","1","src\AdofaiModManager\Services\UpdateCenter.cs","418","UpdateCenter_418"
"界面·动态(C#)","无法检查更新源（网络不通或更新源不可用）。","","","","","","1","src\AdofaiModManager\Services\UpdateCenter.cs","446","UpdateCenter_446"
"界面·动态(C#)","该 mod 没有可用的更新源（可点「绑定 GitHub」手动指定）。","","","","","","1","src\AdofaiModManager\Services\UpdateCenter.cs","455","UpdateCenter_455"
"界面·动态(C#)","提示"" : ""出错了","","","","","","5","src\AdofaiModManager\Views\Dialogs\FirstRunWizard.xaml.cs","90","FirstRunWizard.xaml_90"
"界面·动态(C#)","未能在 Steam 库中找到《冰与火之舞》，请手动选择游戏目录。","","","","","","2","src\AdofaiModManager\Views\Dialogs\FirstRunWizard.xaml.cs","109","FirstRunWizard.xaml_109"
"界面·动态(C#)","已自动检测到游戏目录。","","","","","","1","src\AdofaiModManager\Views\Dialogs\FirstRunWizard.xaml.cs","114","FirstRunWizard.xaml_114"
"界面·动态(C#)","选择《冰与火之舞》游戏目录","","","","","","2","src\AdofaiModManager\Views\Dialogs\FirstRunWizard.xaml.cs","119","FirstRunWizard.xaml_119"
"界面·动态(C#)","尚未设置游戏目录。","","","","","","2","src\AdofaiModManager\Views\Dialogs\FirstRunWizard.xaml.cs","131","FirstRunWizard.xaml_131"
"界面·动态(C#)","⚠ 该目录不存在。","","","","","","2","src\AdofaiModManager\Views\Dialogs\FirstRunWizard.xaml.cs","137","FirstRunWizard.xaml_137"
"界面·动态(C#)","✓ 已找到游戏主程序。Mods 目录：{(hasMods ? ""存在"" : ""不存在（装过 mod 后会出现）"")}","","","","","","1","src\AdofaiModManager\Views\Dialogs\FirstRunWizard.xaml.cs","145","FirstRunWizard.xaml_145"
"界面·动态(C#)","⚠ 该目录里没找到游戏主程序，请确认路径是否正确。","","","","","","2","src\AdofaiModManager\Views\Dialogs\FirstRunWizard.xaml.cs","146","FirstRunWizard.xaml_146"
"界面·动态(C#)","⚠ 尚未设置游戏目录，请回到第 1 步。","","","","","","1","src\AdofaiModManager\Views\Dialogs\FirstRunWizard.xaml.cs","156","FirstRunWizard.xaml_156"
"界面·动态(C#)","⚠ 找不到游戏主程序，请回到第 1 步检查目录。","","","","","","1","src\AdofaiModManager\Views\Dialogs\FirstRunWizard.xaml.cs","164","FirstRunWizard.xaml_164"
"界面·动态(C#)","已部署版本：{status.LoaderVersion ?? ""未知","","","","","","1","src\AdofaiModManager\Views\Dialogs\FirstRunWizard.xaml.cs","175","FirstRunWizard.xaml_175"
"界面·动态(C#)","注入方式：UnityDoorstop / DoorstopProxy","","","","","","1","src\AdofaiModManager\Views\Dialogs\FirstRunWizard.xaml.cs","176","FirstRunWizard.xaml_176"
"界面·动态(C#)","⚠ 检测到加载器不完整，建议重新安装一次。","","","","","","1","src\AdofaiModManager\Views\Dialogs\FirstRunWizard.xaml.cs","180","FirstRunWizard.xaml_180"
"界面·动态(C#)","○ 尚未安装加载器。从下面三种方式里选一个安装即可。","","","","","","1","src\AdofaiModManager\Views\Dialogs\FirstRunWizard.xaml.cs","184","FirstRunWizard.xaml_184"
"界面·动态(C#)","缺失","","","","","","1","src\AdofaiModManager\Views\Dialogs\FirstRunWizard.xaml.cs","202","FirstRunWizard.xaml_202"
"界面·动态(C#)","（未配置资源站）　AMM 内置内核：{bundledText}","","","","","","1","src\AdofaiModManager\Views\Dialogs\FirstRunWizard.xaml.cs","207","FirstRunWizard.xaml_207"
"界面·动态(C#)","资源站最新内核：查询中…","","","","","","1","src\AdofaiModManager\Views\Dialogs\FirstRunWizard.xaml.cs","211","FirstRunWizard.xaml_211"
"界面·动态(C#)","资源站上没有找到 UnityModManager　·　AMM 内置内核：{bundledText}","","","","","","1","src\AdofaiModManager\Views\Dialogs\FirstRunWizard.xaml.cs","218","FirstRunWizard.xaml_218"
"界面·动态(C#)","资源站最新内核：{site.Value.VersionId}　·　AMM 内置内核：{bundledText}","","","","","","1","src\AdofaiModManager\Views\Dialogs\FirstRunWizard.xaml.cs","219","FirstRunWizard.xaml_219"
"界面·动态(C#)","资源站暂时不可用（{ex.Message}）　·　可用内置内核：{bundledText}","","","","","","1","src\AdofaiModManager\Views\Dialogs\FirstRunWizard.xaml.cs","223","FirstRunWizard.xaml_223"
"界面·动态(C#)","请先在第 1 步设置游戏目录。","","","","","","3","src\AdofaiModManager\Views\Dialogs\FirstRunWizard.xaml.cs","232","FirstRunWizard.xaml_232"
"界面·动态(C#)","尚未配置资源站地址，可改用内置内核。","","","","","","1","src\AdofaiModManager\Views\Dialogs\FirstRunWizard.xaml.cs","239","FirstRunWizard.xaml_239"
"界面·动态(C#)","　（可改用内置内核）","","","","","","1","src\AdofaiModManager\Views\Dialogs\FirstRunWizard.xaml.cs","252","FirstRunWizard.xaml_252"
"界面·动态(C#)","选择 UnityModManager 压缩包（可从 Nexus Mods 下载）","","","","","","2","src\AdofaiModManager\Views\Dialogs\FirstRunWizard.xaml.cs","286","FirstRunWizard.xaml_286"
"界面·动态(C#)","压缩包 (*.zip)|*.zip|所有文件 (*.*)|*.*","","","","","","2","src\AdofaiModManager\Views\Dialogs\FirstRunWizard.xaml.cs","287","FirstRunWizard.xaml_287"
"界面·动态(C#)","✗ 请先填写资源站地址。","","","","","","1","src\AdofaiModManager\Views\Dialogs\FirstRunWizard.xaml.cs","336","FirstRunWizard.xaml_336"
"界面·动态(C#)","正在测试连接…","","","","","","2","src\AdofaiModManager\Views\Dialogs\FirstRunWizard.xaml.cs","340","FirstRunWizard.xaml_340"
"界面·动态(C#)","✓ 连接成功，资源站共有 {page.Total} 个资源。","","","","","","2","src\AdofaiModManager\Views\Dialogs\FirstRunWizard.xaml.cs","345","FirstRunWizard.xaml_345"
"界面·动态(C#)","选择内核（UnityModManager）来源　·　资源站最新版：{latestFromSite}","","","","","","1","src\AdofaiModManager\Views\Dialogs\KernelSourceDialog.xaml.cs","22","KernelSourceDialog.xaml_22"
"界面·动态(C#)","还没有收藏"" : $""共 {_items.Count} 个收藏","","","","","","1","src\AdofaiModManager\Views\Pages\FavoritesPage.xaml.cs","37","FavoritesPage.xaml_37"
"界面·动态(C#)","在「在线 Mod」里打开一个 mod，点「收藏」即可加到这里。","","","","","","1","src\AdofaiModManager\Views\Pages\FavoritesPage.xaml.cs","41","FavoritesPage.xaml_41"
"界面·动态(C#)","尚未配置资源站地址。请到「设置」里填写。","","","","","","3","src\AdofaiModManager\Views\Pages\FavoritesPage.xaml.cs","72","FavoritesPage.xaml_72"
"界面·动态(C#)","请先在「设置」里指定游戏目录。","","","","","","9","src\AdofaiModManager\Views\Pages\FavoritesPage.xaml.cs","116","FavoritesPage.xaml_116"
"界面·动态(C#)","正在获取「{favorite.DisplayName}」…","","","","","","1","src\AdofaiModManager\Views\Pages\FavoritesPage.xaml.cs","123","FavoritesPage.xaml_123"
"界面·动态(C#)","打开链接失败：{ex.Message}","","","","","","1","src\AdofaiModManager\Views\Pages\FavoritesPage.xaml.cs","156","FavoritesPage.xaml_156"
"界面·动态(C#)","已取消收藏「{favorite.DisplayName}」。","","","","","","1","src\AdofaiModManager\Views\Pages\FavoritesPage.xaml.cs","168","FavoritesPage.xaml_168"
"界面·动态(C#)","尚未设置游戏目录","","","","","","1","src\AdofaiModManager\Views\Pages\InstalledModsPage.xaml.cs","77","InstalledModsPage.xaml_77"
"界面·动态(C#)","没有找到 Mods 文件夹：{service.ModsPath}","","","","","","1","src\AdofaiModManager\Views\Pages\InstalledModsPage.xaml.cs","84","InstalledModsPage.xaml_84"
"界面·动态(C#)","⚠ 重复安装：同一个 mod 出现在多个文件夹（另有 {others}）。建议只保留一份。","","","","","","1","src\AdofaiModManager\Views\Pages\InstalledModsPage.xaml.cs","136","InstalledModsPage.xaml_136"
"界面·动态(C#)","共 {_mods.Count} 个 mod（{enabled} 个已启用","","","","","","1","src\AdofaiModManager\Views\Pages\InstalledModsPage.xaml.cs","142","InstalledModsPage.xaml_142"
"界面·动态(C#)","，{updatable} 个可更新","","","","","","1","src\AdofaiModManager\Views\Pages\InstalledModsPage.xaml.cs","143","InstalledModsPage.xaml_143"
"界面·动态(C#)","　·　游戏版本 {gameVersion}","","","","","","1","src\AdofaiModManager\Views\Pages\InstalledModsPage.xaml.cs","145","InstalledModsPage.xaml_145"
"界面·动态(C#)","　·　⚠ 未检测到 UMM loader","","","","","","1","src\AdofaiModManager\Views\Pages\InstalledModsPage.xaml.cs","146","InstalledModsPage.xaml_146"
"界面·动态(C#)","有 mod 声明的游戏版本与当前检测不一致","","","","","","1","src\AdofaiModManager\Views\Pages\InstalledModsPage.xaml.cs","163","InstalledModsPage.xaml_163"
"界面·动态(C#)","有 mod 重复安装（同一个 mod 出现在多个文件夹）","","","","","","1","src\AdofaiModManager\Views\Pages\InstalledModsPage.xaml.cs","168","InstalledModsPage.xaml_168"
"界面·动态(C#)","需要处理的提醒"" : ""版本兼容提醒","","","","","","1","src\AdofaiModManager\Views\Pages\InstalledModsPage.xaml.cs","172","InstalledModsPage.xaml_172"
"界面·动态(C#)","；"", reasons) + ""。详情见各条目里的提示。","","","","","","1","src\AdofaiModManager\Views\Pages\InstalledModsPage.xaml.cs","173","InstalledModsPage.xaml_173"
"界面·动态(C#)","更新源：{source.Description}{(source.IsManual ? ""（手动）"" : string.Empty)}","","","","","","1","src\AdofaiModManager\Views\Pages\InstalledModsPage.xaml.cs","197","InstalledModsPage.xaml_197"
"界面·动态(C#)","更新源：资源站","","","","","","1","src\AdofaiModManager\Views\Pages\InstalledModsPage.xaml.cs","201","InstalledModsPage.xaml_201"
"界面·动态(C#)","更新源：未设置（可点「绑定 GitHub」手动指定）","","","","","","1","src\AdofaiModManager\Views\Pages\InstalledModsPage.xaml.cs","205","InstalledModsPage.xaml_205"
"界面·动态(C#)","可更新 → {result.RemoteVersion}{via}","","","","","","1","src\AdofaiModManager\Views\Pages\InstalledModsPage.xaml.cs","220","InstalledModsPage.xaml_220"
"界面·动态(C#)","无可用更新源","","","","","","1","src\AdofaiModManager\Views\Pages\InstalledModsPage.xaml.cs","222","InstalledModsPage.xaml_222"
"界面·动态(C#)","版本号规则不同（资源站 {result.RemoteVersion} / 本地 {mod.Version}）","","","","","","1","src\AdofaiModManager\Views\Pages\InstalledModsPage.xaml.cs","224","InstalledModsPage.xaml_224"
"界面·动态(C#)","已是最新{via}","","","","","","1","src\AdofaiModManager\Views\Pages\InstalledModsPage.xaml.cs","225","InstalledModsPage.xaml_225"
"界面·动态(C#)","检查失败{via}","","","","","","1","src\AdofaiModManager\Views\Pages\InstalledModsPage.xaml.cs","226","InstalledModsPage.xaml_226"
"界面·动态(C#)","⚠ 该 mod 要求游戏 {mod.GameVersion}，当前检测为 {gameVersion}","","","","","","1","src\AdofaiModManager\Views\Pages\InstalledModsPage.xaml.cs","246","InstalledModsPage.xaml_246"
"界面·动态(C#)","选择 UMM 格式的 mod 压缩包","","","","","","1","src\AdofaiModManager\Views\Pages\InstalledModsPage.xaml.cs","283","InstalledModsPage.xaml_283"
"界面·动态(C#)","Mod 压缩包 (*.zip)|*.zip|所有文件 (*.*)|*.*","","","","","","1","src\AdofaiModManager\Views\Pages\InstalledModsPage.xaml.cs","284","InstalledModsPage.xaml_284"
"界面·动态(C#)","确认卸载","","","","","","1","src\AdofaiModManager\Views\Pages\InstalledModsPage.xaml.cs","312","InstalledModsPage.xaml_312"
"界面·动态(C#)","打开文件夹失败：{ex.Message}","","","","","","1","src\AdofaiModManager\Views\Pages\InstalledModsPage.xaml.cs","361","InstalledModsPage.xaml_361"
"界面·动态(C#)","正在检查更新","","","","","","1","src\AdofaiModManager\Views\Pages\InstalledModsPage.xaml.cs","402","InstalledModsPage.xaml_402"
"界面·动态(C#)","检查完成：{mods.Count} 个 mod，{updatable} 个可更新。","","","","","","1","src\AdofaiModManager\Views\Pages\InstalledModsPage.xaml.cs","410","InstalledModsPage.xaml_410"
"界面·动态(C#)","请先「检查更新」。","","","","","","1","src\AdofaiModManager\Views\Pages\InstalledModsPage.xaml.cs","451","InstalledModsPage.xaml_451"
"界面·动态(C#)","正在更新","","","","","","1","src\AdofaiModManager\Views\Pages\InstalledModsPage.xaml.cs","464","InstalledModsPage.xaml_464"
"界面·动态(C#)","{mod.DisplayName} → {result.RemoteVersion}　下载中 {percent}%","","","","","","1","src\AdofaiModManager\Views\Pages\InstalledModsPage.xaml.cs","471","InstalledModsPage.xaml_471"
"界面·动态(C#)","该更新来自资源站，但未配置 API key。","","","","","","1","src\AdofaiModManager\Views\Pages\InstalledModsPage.xaml.cs","500","InstalledModsPage.xaml_500"
"界面·动态(C#)","该更新没有可用的下载来源。","","","","","","1","src\AdofaiModManager\Views\Pages\InstalledModsPage.xaml.cs","508","InstalledModsPage.xaml_508"
"界面·动态(C#)","绑定 GitHub 更新源","","","","","","1","src\AdofaiModManager\Views\Pages\InstalledModsPage.xaml.cs","551","InstalledModsPage.xaml_551"
"界面·动态(C#)","留空并确定可清除手动设置，恢复自动识别。","","","","","","1","src\AdofaiModManager\Views\Pages\InstalledModsPage.xaml.cs","554","InstalledModsPage.xaml_554"
"界面·动态(C#)","⚠ 尚未设置游戏目录","","","","","","1","src\AdofaiModManager\Views\Pages\LoaderPage.xaml.cs","41","LoaderPage.xaml_41"
"界面·动态(C#)","请到「设置」里指定《冰与火之舞》的安装目录。","","","","","","1","src\AdofaiModManager\Views\Pages\LoaderPage.xaml.cs","42","LoaderPage.xaml_42"
"界面·动态(C#)","⚠ 找不到游戏主程序","","","","","","1","src\AdofaiModManager\Views\Pages\LoaderPage.xaml.cs","58","LoaderPage.xaml_58"
"界面·动态(C#)","路径：{loader.ExecutablePath}","","","","","","1","src\AdofaiModManager\Views\Pages\LoaderPage.xaml.cs","59","LoaderPage.xaml_59"
"界面·动态(C#)","游戏目录：{loader.GamePath}","","","","","","1","src\AdofaiModManager\Views\Pages\LoaderPage.xaml.cs","69","LoaderPage.xaml_69"
"界面·动态(C#)","游戏架构：{(status.Is64BitGame ? ""64 位"" : ""32 位"")}","","","","","","1","src\AdofaiModManager\Views\Pages\LoaderPage.xaml.cs","70","LoaderPage.xaml_70"
"界面·动态(C#)","Mods 目录：{(Directory.Exists(Path.Combine(loader.GamePath, ""Mods"")) ? ""存在"" : ""不存在"")}","","","","","","1","src\AdofaiModManager\Views\Pages\LoaderPage.xaml.cs","71","LoaderPage.xaml_71"
"界面·动态(C#)","内置内核：{(bundled is null ? ""缺失"" : bundled.Version)}","","","","","","1","src\AdofaiModManager\Views\Pages\LoaderPage.xaml.cs","73","LoaderPage.xaml_73"
"界面·动态(C#)","已部署内核：{deployed ?? ""未部署""}","","","","","","1","src\AdofaiModManager\Views\Pages\LoaderPage.xaml.cs","74","LoaderPage.xaml_74"
"界面·动态(C#)","本地内核包："" + string.Join(""、"", kernels.Select(k => $""{k.Version}({k.Source})","","","","","","1","src\AdofaiModManager\Views\Pages\LoaderPage.xaml.cs","79","LoaderPage.xaml_79"
"界面·动态(C#)","✓ 加载器已安装（DoorstopProxy）","","","","","","1","src\AdofaiModManager\Views\Pages\LoaderPage.xaml.cs","84","LoaderPage.xaml_84"
"界面·动态(C#)","注入方式：UnityDoorstop / DoorstopProxy    winhttp.dll：已部署    doorstop_config.ini：已部署","","","","","","1","src\AdofaiModManager\Views\Pages\LoaderPage.xaml.cs","85","LoaderPage.xaml_85"
"界面·动态(C#)","⚠ 加载器不完整","","","","","","1","src\AdofaiModManager\Views\Pages\LoaderPage.xaml.cs","89","LoaderPage.xaml_89"
"界面·动态(C#)","检测到部分加载器文件，建议点「安装 / 修复加载器」补齐。","","","","","","1","src\AdofaiModManager\Views\Pages\LoaderPage.xaml.cs","90","LoaderPage.xaml_90"
"界面·动态(C#)","○ 尚未安装加载器","","","","","","1","src\AdofaiModManager\Views\Pages\LoaderPage.xaml.cs","94","LoaderPage.xaml_94"
"界面·动态(C#)","点击「安装 / 修复加载器」即可为游戏装上 mod 支持。","","","","","","1","src\AdofaiModManager\Views\Pages\LoaderPage.xaml.cs","95","LoaderPage.xaml_95"
"界面·动态(C#)","⚠ 检测到 {status.LegacyBackups.Length} 个旧版注入残留（Assembly 方式）：","","","","","","1","src\AdofaiModManager\Views\Pages\LoaderPage.xaml.cs","101","LoaderPage.xaml_101"
"界面·动态(C#)","建议先卸载加载器清理，再重新安装。","","","","","","1","src\AdofaiModManager\Views\Pages\LoaderPage.xaml.cs","103","LoaderPage.xaml_103"
"界面·动态(C#)","操作成功"" : ""操作失败","","","","","","1","src\AdofaiModManager\Views\Pages\LoaderPage.xaml.cs","128","LoaderPage.xaml_128"
"界面·动态(C#)","正在从资源站检查内核更新…","","","","","","1","src\AdofaiModManager\Views\Pages\LoaderPage.xaml.cs","216","LoaderPage.xaml_216"
"界面·动态(C#)","资源站上没有找到 UnityModManager。","","","","","","1","src\AdofaiModManager\Views\Pages\LoaderPage.xaml.cs","221","LoaderPage.xaml_221"
"界面·动态(C#)","内核已是最新：当前 {current}，资源站最新 {site.Value.VersionId}。","","","","","","1","src\AdofaiModManager\Views\Pages\LoaderPage.xaml.cs","227","LoaderPage.xaml_227"
"界面·动态(C#)","资源站有更新的内核 {site.Value.VersionId}（当前：{current ?? ""未部署","","","","","","1","src\AdofaiModManager\Views\Pages\LoaderPage.xaml.cs","232","LoaderPage.xaml_232"
"界面·动态(C#)","内核更新","","","","","","1","src\AdofaiModManager\Views\Pages\LoaderPage.xaml.cs","233","LoaderPage.xaml_233"
"界面·动态(C#)","未部署","","","","","","1","src\AdofaiModManager\Views\Pages\LoaderPage.xaml.cs","275","LoaderPage.xaml_275"
"界面·动态(C#)","回滚内核","Roll back kernel","カーネルをロールバック","커널 롤백","回復內核","DeepSeek 机翻（待校对）","1","src\AdofaiModManager\Views\Pages\LoaderPage.xaml.cs","276","LoaderPage.xaml_276"
"界面·动态(C#)","正在导入内核…","","","","","","1","src\AdofaiModManager\Views\Pages\LoaderPage.xaml.cs","329","LoaderPage.xaml_329"
"界面·动态(C#)","确认卸载加载器","","","","","","1","src\AdofaiModManager\Views\Pages\LoaderPage.xaml.cs","355","LoaderPage.xaml_355"
"界面·动态(C#)","打开目录失败：{ex.Message}","","","","","","1","src\AdofaiModManager\Views\Pages\LoaderPage.xaml.cs","385","LoaderPage.xaml_385"
"界面·动态(C#)","已请求通过 Steam 启动《冰与火之舞》，请稍候。","","","","","","1","src\AdofaiModManager\Views\Pages\LoaderPage.xaml.cs","401","LoaderPage.xaml_401"
"界面·动态(C#)","启动失败：{ex.Message}","","","","","","2","src\AdofaiModManager\Views\Pages\LoaderPage.xaml.cs","405","LoaderPage.xaml_405"
"界面·动态(C#)","已直接启动游戏（未经 Steam）。成就 / 云存档可能不同步。","","","","","","1","src\AdofaiModManager\Views\Pages\LoaderPage.xaml.cs","422","LoaderPage.xaml_422"
"界面·动态(C#)","可更新"" : ""已安装","","","","","","1","src\AdofaiModManager\Views\Pages\OnlineModsPage.xaml.cs","238","OnlineModsPage.xaml_238"
"界面·动态(C#)","可更新","","","","","","1","src\AdofaiModManager\Views\Pages\OnlineModsPage.xaml.cs","306","OnlineModsPage.xaml_306"
"界面·动态(C#)","没有找到匹配的 mod。","","","","","","1","src\AdofaiModManager\Views\Pages\OnlineModsPage.xaml.cs","330","OnlineModsPage.xaml_330"
"界面·动态(C#)","资源站共 {result.Total} 个资源，已加载 {_mods.Count} 个。","","","","","","1","src\AdofaiModManager\Views\Pages\OnlineModsPage.xaml.cs","331","OnlineModsPage.xaml_331"
"界面·动态(C#)","全部类型","","","","","","1","src\AdofaiModManager\Views\Pages\OnlineModsPage.xaml.cs","393","OnlineModsPage.xaml_393"
"界面·动态(C#)","RESOURCEPACK"" => ""资源包","","","","","","1","src\AdofaiModManager\Views\Pages\OnlineModsPage.xaml.cs","409","OnlineModsPage.xaml_409"
"界面·动态(C#)","SHADER"" => ""着色器","","","","","","1","src\AdofaiModManager\Views\Pages\OnlineModsPage.xaml.cs","410","OnlineModsPage.xaml_410"
"界面·动态(C#)","PLUGIN"" => ""插件","","","","","","1","src\AdofaiModManager\Views\Pages\OnlineModsPage.xaml.cs","411","OnlineModsPage.xaml_411"
"界面·动态(C#)","LIBRARY"" => ""库","","","","","","1","src\AdofaiModManager\Views\Pages\OnlineModsPage.xaml.cs","412","OnlineModsPage.xaml_412"
"界面·动态(C#)","TOOL"" => ""工具","","","","","","1","src\AdofaiModManager\Views\Pages\OnlineModsPage.xaml.cs","413","OnlineModsPage.xaml_413"
"界面·动态(C#)","其它","Other","その他","기타","其他","DeepSeek 机翻（待校对）","1","src\AdofaiModManager\Views\Pages\OnlineModsPage.xaml.cs","414","OnlineModsPage.xaml_414"
"界面·动态(C#)","已全部加载（共 {_total} 个）","","","","","","1","src\AdofaiModManager\Views\Pages\OnlineModsPage.xaml.cs","446","OnlineModsPage.xaml_446"
"界面·动态(C#)","已加载 {_mods.Count} / {_total}　（继续向下滚动会自动加载）","","","","","","1","src\AdofaiModManager\Views\Pages\OnlineModsPage.xaml.cs","451","OnlineModsPage.xaml_451"
"界面·动态(C#)","可更新"" => ""更新","","","","","","1","src\AdofaiModManager\Views\Pages\OnlineModsPage.xaml.cs","509","OnlineModsPage.xaml_509"
"界面·动态(C#)","已安装"" => ""重新安装","","","","","","1","src\AdofaiModManager\Views\Pages\OnlineModsPage.xaml.cs","510","OnlineModsPage.xaml_510"
"界面·动态(C#)","安装","Install","インストール","설치","安裝","DeepSeek 机翻（待校对）","1","src\AdofaiModManager\Views\Pages\OnlineModsPage.xaml.cs","511","OnlineModsPage.xaml_511"
"界面·动态(C#)","加载详情失败：{ex.Message}","","","","","","1","src\AdofaiModManager\Views\Pages\OnlineModsPage.xaml.cs","524","OnlineModsPage.xaml_524"
"界面·动态(C#)","正在获取下载地址…","","","","","","1","src\AdofaiModManager\Views\Pages\OnlineModsPage.xaml.cs","564","OnlineModsPage.xaml_564"
"界面·动态(C#)","正在下载… {percent}%","","","","","","1","src\AdofaiModManager\Views\Pages\OnlineModsPage.xaml.cs","569","OnlineModsPage.xaml_569"
"界面·动态(C#)","重新安装"" : ""安装","","","","","","1","src\AdofaiModManager\Views\Pages\OnlineModsPage.xaml.cs","585","OnlineModsPage.xaml_585"
"界面·动态(C#)","已收藏"" : ""收藏","","","","","","1","src\AdofaiModManager\Views\Pages\OnlineModsPage.xaml.cs","602","OnlineModsPage.xaml_602"
"界面·动态(C#)","已取消收藏「{_detail.DisplayName}」。","","","","","","1","src\AdofaiModManager\Views\Pages\OnlineModsPage.xaml.cs","615","OnlineModsPage.xaml_615"
"界面·动态(C#)","已收藏「{_detail.DisplayName}」，可在左侧「收藏」页查看。","","","","","","1","src\AdofaiModManager\Views\Pages\OnlineModsPage.xaml.cs","636","OnlineModsPage.xaml_636"
"界面·动态(C#)","配置文件：{AppServices.Settings.ConfigFilePath}","","","","","","1","src\AdofaiModManager\Views\Pages\SettingsPage.xaml.cs","37","SettingsPage.xaml_37"
"界面·动态(C#)","AMM 版本 v{AppUpdateService.CurrentVersion}","","","","","","1","src\AdofaiModManager\Views\Pages\SettingsPage.xaml.cs","54","SettingsPage.xaml_54"
"界面·动态(C#)","✓ 已找到游戏主程序。Mods 目录：{(hasMods ? ""存在"" : ""不存在（可能尚未安装过 mod）"")}","","","","","","1","src\AdofaiModManager\Views\Pages\SettingsPage.xaml.cs","146","SettingsPage.xaml_146"
"界面·动态(C#)","✓ 当前使用：{manual}（手动指定）","","","","","","1","src\AdofaiModManager\Views\Pages\SettingsPage.xaml.cs","162","SettingsPage.xaml_162"
"界面·动态(C#)","✓ 当前使用：{manual}（手动指定）　·　自动检测为 {detected}","","","","","","1","src\AdofaiModManager\Views\Pages\SettingsPage.xaml.cs","163","SettingsPage.xaml_163"
"界面·动态(C#)","未能自动识别游戏版本（不影响使用，也可以在上面手动填写）。","","","","","","1","src\AdofaiModManager\Views\Pages\SettingsPage.xaml.cs","168","SettingsPage.xaml_168"
"界面·动态(C#)","✓ 已识别游戏版本：{detected}（自动检测）","","","","","","1","src\AdofaiModManager\Views\Pages\SettingsPage.xaml.cs","169","SettingsPage.xaml_169"
"界面·动态(C#)","✗ 请先填写站点地址。","","","","","","1","src\AdofaiModManager\Views\Pages\SettingsPage.xaml.cs","201","SettingsPage.xaml_201"
"界面·动态(C#)","✗ 打开链接失败：","","","","","","2","src\AdofaiModManager\Views\Pages\SettingsPage.xaml.cs","232","SettingsPage.xaml_232"
"界面·动态(C#)","正在检查…","","","","","","1","src\AdofaiModManager\Views\Pages\SettingsPage.xaml.cs","266","SettingsPage.xaml_266"
"界面·动态(C#)","✓ 已是最新版本（v{AppUpdateService.CurrentVersion}）","","","","","","1","src\AdofaiModManager\Views\Pages\SettingsPage.xaml.cs","274","SettingsPage.xaml_274"
"界面·动态(C#)","发现新版本 v{info.Version}（来源：{info.SourceLabel}）。","","","","","","1","src\AdofaiModManager\Views\Pages\SettingsPage.xaml.cs","280","SettingsPage.xaml_280"
"界面·动态(C#)","· 「取消」= 稍后再更新","","","","","","1","src\AdofaiModManager\Views\Pages\SettingsPage.xaml.cs","294","SettingsPage.xaml_294"
"界面·动态(C#)","（安装版直接运行安装包覆盖安装；绿色版解压替换即可。）","","","","","","1","src\AdofaiModManager\Views\Pages\SettingsPage.xaml.cs","299","SettingsPage.xaml_299"
"界面·动态(C#)","发现新版本","","","","","","1","src\AdofaiModManager\Views\Pages\SettingsPage.xaml.cs","304","SettingsPage.xaml_304"
"界面·动态(C#)","已打开下载页，请下载 v{info.Version}。","","","","","","1","src\AdofaiModManager\Views\Pages\SettingsPage.xaml.cs","330","SettingsPage.xaml_330"
"界面·动态(C#)","请先点「检查更新」。","","","","","","1","src\AdofaiModManager\Views\Pages\SettingsPage.xaml.cs","343","SettingsPage.xaml_343"
"界面·静态(XAML)","自动下载并替换为新版本，完成后自动重启","Download and replace with the new version automatically, then restart","新しいバージョンを自動でダウンロードして置き換え、完了後に再起動します","새 버전을 자동으로 내려받아 교체한 뒤 다시 시작합니다","自動下載並取代為新版本，完成後自動重新啟動","DeepSeek 机翻（待校对）","1","src\AdofaiModManager\MainWindow.xaml","67","MainWindow_67"
"界面·静态(XAML)","打开发布页","Open release page","リリースページを開く","릴리스 페이지 열기","開啟發佈頁","DeepSeek 机翻（待校对）","1","src\AdofaiModManager\MainWindow.xaml","71","MainWindow_71"
"界面·静态(XAML)","忽略此版本","Skip this version","このバージョンをスキップ","이 버전 건너뛰기","忽略此版本","DeepSeek 机翻（待校对）","1","src\AdofaiModManager\MainWindow.xaml","76","MainWindow_76"
"界面·静态(XAML)","首次使用向导","First-time setup","初回セットアップ","초기 설정","首次使用嚮導","DeepSeek 机翻（待校对）","2","src\AdofaiModManager\Views\Dialogs\FirstRunWizard.xaml","5","FirstRunWizard_5"
"界面·静态(XAML)","① 游戏目录","① Game folder","① ゲームフォルダー","① 게임 폴더","① 遊戲目錄","DeepSeek 机翻（待校对）","1","src\AdofaiModManager\Views\Dialogs\FirstRunWizard.xaml","32","FirstRunWizard_32"
"界面·静态(XAML)","② 资源站（可选）","② Mod site (optional)","② Mod サイト（任意）","② 모드 사이트 (선택)","② 資源站（選填）","DeepSeek 机翻（待校对）","1","src\AdofaiModManager\Views\Dialogs\FirstRunWizard.xaml","33","FirstRunWizard_33"
"界面·静态(XAML)","③ UMM 加载器","③ UMM loader","③ UMM ローダー","③ UMM 로더","③ UMM 載入器","DeepSeek 机翻（待校对）","1","src\AdofaiModManager\Views\Dialogs\FirstRunWizard.xaml","34","FirstRunWizard_34"
"界面·静态(XAML)","游戏目录","Game folder","ゲームフォルダー","게임 폴더","遊戲目錄","DeepSeek 机翻（待校对）","2","src\AdofaiModManager\Views\Dialogs\FirstRunWizard.xaml","42","FirstRunWizard_42"
"界面·静态(XAML)","AMM 需要知道《冰与火之舞》装在哪里。一般会自动识别，识别不到时可以手动选择。","AMM needs to know where A Dance of Fire and Ice is installed. It is usually detected automatically; if not, pick the folder manually.","AMM は『A Dance of Fire and Ice』のインストール先を必要とします。通常は自動で検出されますが、見つからない場合は手動で選択できます。","AMM은 《A Dance of Fire and Ice》가 설치된 위치를 알아야 합니다. 보통 자동으로 찾지만, 찾지 못하면 직접 선택할 수 있습니다.","AMM 需要知道《冰與火之舞》裝在哪裡。通常會自動辨識，辨識不到時可以手動選擇。","DeepSeek 机翻（待校对）","1","src\AdofaiModManager\Views\Dialogs\FirstRunWizard.xaml","46","FirstRunWizard_46"
"界面·静态(XAML)","例如 D:\SteamLibrary\steamapps\common\A Dance of Fire and Ice","","","","","","2","src\AdofaiModManager\Views\Dialogs\FirstRunWizard.xaml","50","FirstRunWizard_50"
"界面·静态(XAML)","自动检测","Auto-detect","自動検出","자동 감지","自動偵測","DeepSeek 机翻（待校对）","2","src\AdofaiModManager\Views\Dialogs\FirstRunWizard.xaml","54","FirstRunWizard_54"
"界面·静态(XAML)","浏览…","Browse…","参照…","찾아보기…","瀏覽…","DeepSeek 机翻（待校对）","2","src\AdofaiModManager\Views\Dialogs\FirstRunWizard.xaml","58","FirstRunWizard_58"
"界面·静态(XAML)","UMM 加载器","UMM loader","UMM ローダー","UMM 로더","UMM 載入器","DeepSeek 机翻（待校对）","1","src\AdofaiModManager\Views\Dialogs\FirstRunWizard.xaml","66","FirstRunWizard_66"
"界面·静态(XAML)","mod 需要游戏内的 UnityModManager 加载器才能生效。推荐从资源站装最新版；连不上时也可以用 AMM 内置的内核。","Mods need the in-game UnityModManager loader to work. Installing the latest build from the mod site is recommended; if it is unreachable, you can use the bundled kernel instead.","Mod を有効にするには、ゲーム内の UnityModManager ローダーが必要です。Mod サイトから最新版を入れるのがおすすめです。接続できない場合は AMM 内蔵のカーネルも使えます。","모드를 적용하려면 게임 내 UnityModManager 로더가 필요합니다. 모드 사이트에서 최신 버전을 설치하는 것을 권장하며, 연결할 수 없으면 AMM에 내장된 커널을 사용할 수 있습니다.","mod 需要遊戲內的 UnityModManager 載入器才能生效。建議從資源站安裝最新版；連不上時也可以使用 AMM 內建的內核。","DeepSeek 机翻（待校对）","1","src\AdofaiModManager\Views\Dialogs\FirstRunWizard.xaml","70","FirstRunWizard_70"
"界面·静态(XAML)","从资源站获取最新","Get the latest from the mod site","Mod サイトから最新版を取得","모드 사이트에서 최신 버전 받기","從資源站取得最新版","DeepSeek 机翻（待校对）","1","src\AdofaiModManager\Views\Dialogs\FirstRunWizard.xaml","92","FirstRunWizard_92"
"界面·静态(XAML)","使用内置内核","Use bundled kernel","内蔵カーネルを使う","내장 커널 사용","使用內建內核","DeepSeek 机翻（待校对）","2","src\AdofaiModManager\Views\Dialogs\FirstRunWizard.xaml","97","FirstRunWizard_97"
"界面·静态(XAML)","导入本地 zip","Import local zip","ローカル zip を読み込む","로컬 zip 가져오기","匯入本機 zip","DeepSeek 机翻（待校对）","2","src\AdofaiModManager\Views\Dialogs\FirstRunWizard.xaml","101","FirstRunWizard_101"
"界面·静态(XAML)","若这里显示「已就绪」，说明加载器装好了，可直接下一步。游戏大更新后可能需要点一下修复。","If it shows “Ready”, the loader is installed and you can continue. After a major game update you may need to run a repair.","「準備完了」と表示されればローダーは導入済みで、そのまま次へ進めます。ゲームの大型アップデート後は修復が必要な場合があります。","‘준비됨’으로 표시되면 로더가 설치된 것이므로 바로 다음 단계로 진행하면 됩니다. 게임 대규모 업데이트 후에는 복구가 필요할 수 있습니다.","若這裡顯示「已就緒」，代表載入器已安裝完成，可直接下一步。遊戲大更新後可能需要點一下修復。","DeepSeek 机翻（待校对）","1","src\AdofaiModManager\Views\Dialogs\FirstRunWizard.xaml","107","FirstRunWizard_107"
"界面·静态(XAML)","资源站（可选）","Mod site (optional)","Mod サイト（任意）","모드 사이트 (선택)","資源站（選填）","DeepSeek 机翻（待校对）","1","src\AdofaiModManager\Views\Dialogs\FirstRunWizard.xaml","112","FirstRunWizard_112"
"界面·静态(XAML)","填上资源站的 API key 就能在线浏览、下载 mod；下一步装加载器时也会优先用它取最新内核。跳过也没关系——AMM 仍可管理本地已有的 mod，并可用内置内核离线安装，之后可在「设置」里随时填写。","With a mod-site API key you can browse and install mods online; the next step also prefers it for the latest kernel. Skipping is fine — AMM can still manage the mods you already have and install the loader offline from the bundled kernel, and you can fill this in later under Settings.","Mod サイトの API キーを入力するとオンラインで Mod を閲覧・インストールできます。次のローダー導入でも最新カーネルの取得に優先的に使われます。スキップしても問題ありません。AMM は既存の Mod を管理でき、内蔵カーネルでオフライン導入も可能です。後から「設定」でいつでも入力できます。","모드 사이트 API 키를 입력하면 온라인으로 모드를 둘러보고 설치할 수 있으며, 다음 단계의 로더 설치에서도 최신 커널을 받는 데 우선 사용됩니다. 건너뛰어도 괜찮습니다. AMM은 이미 있는 모드를 계속 관리할 수 있고 내장 커널로 오프라인 설치도 가능하며, 나중에 설정에서 언제든 입력할 수 있습니다.","填上資源站的 API key 就能線上瀏覽、下載 mod；下一步安裝載入器時也會優先用它取得最新內核。跳過也沒關係——AMM 仍可管理本機既有的 mod，並可用內建內核離線安裝，之後可在「設定」裡隨時填寫。","DeepSeek 机翻（待校对）","1","src\AdofaiModManager\Views\Dialogs\FirstRunWizard.xaml","116","FirstRunWizard_116"
"界面·静态(XAML)","资源站地址","Mod site URL","Mod サイトの URL","모드 사이트 주소","資源站網址","DeepSeek 机翻（待校对）","1","src\AdofaiModManager\Views\Dialogs\FirstRunWizard.xaml","118","FirstRunWizard_118"
"界面·静态(XAML)","API key（可留空；在资源站的「个人中心」创建）","API key (optional; create it on the mod site's profile page)","API キー（空欄可；Mod サイトのプロフィールページで作成）","API 키 (비워도 됨; 모드 사이트 프로필 페이지에서 생성)","API key（可留空；在資源站的「個人中心」建立）","DeepSeek 机翻（待校对）","1","src\AdofaiModManager\Views\Dialogs\FirstRunWizard.xaml","120","FirstRunWizard_120"
"界面·静态(XAML)","测试连接","Test connection","接続テスト","연결 테스트","測試連線","DeepSeek 机翻（待校对）","2","src\AdofaiModManager\Views\Dialogs\FirstRunWizard.xaml","129","FirstRunWizard_129"
"界面·静态(XAML)","打开资源站","Open mod site","Mod サイトを開く","모드 사이트 열기","開啟資源站","DeepSeek 机翻（待校对）","2","src\AdofaiModManager\Views\Dialogs\FirstRunWizard.xaml","131","FirstRunWizard_131"
"界面·静态(XAML)","跳过这步","Skip this step","この手順をスキップ","이 단계 건너뛰기","跳過這步","DeepSeek 机翻（待校对）","1","src\AdofaiModManager\Views\Dialogs\FirstRunWizard.xaml","149","FirstRunWizard_149"
"界面·静态(XAML)","上一步","Back","戻る","이전","上一步","DeepSeek 机翻（待校对）","1","src\AdofaiModManager\Views\Dialogs\FirstRunWizard.xaml","154","FirstRunWizard_154"
"界面·静态(XAML)","下一步","Next","次へ","다음","下一步","DeepSeek 机翻（待校对）","1","src\AdofaiModManager\Views\Dialogs\FirstRunWizard.xaml","158","FirstRunWizard_158"
"界面·静态(XAML)","完成","Finish","完了","완료","完成","DeepSeek 机翻（待校对）","1","src\AdofaiModManager\Views\Dialogs\FirstRunWizard.xaml","162","FirstRunWizard_162"
"界面·静态(XAML)","安装 / 修复加载器","Install / repair loader","ローダーの導入・修復","로더 설치/복구","安裝／修復載入器","DeepSeek 机翻（待校对）","3","src\AdofaiModManager\Views\Dialogs\KernelSourceDialog.xaml","5","KernelSourceDialog_5"
"界面·静态(XAML)","选择内核（UnityModManager）来源","Choose the kernel source (UnityModManager)","カーネル（UnityModManager）の取得元を選択","커널(UnityModManager) 출처 선택","選擇內核（UnityModManager）來源","DeepSeek 机翻（待校对）","1","src\AdofaiModManager\Views\Dialogs\KernelSourceDialog.xaml","29","KernelSourceDialog_29"
"界面·静态(XAML)","安装 / 修复加载器需要一份 UMM 内核，请选择来源：","Installing or repairing the loader needs a UMM kernel — choose a source:","ローダーの導入・修復には UMM カーネルが必要です。取得元を選んでください：","로더를 설치/복구하려면 UMM 커널이 필요합니다. 출처를 선택하세요:","安裝／修復載入器需要一份 UMM 內核，請選擇來源：","DeepSeek 机翻（待校对）","1","src\AdofaiModManager\Views\Dialogs\KernelSourceDialog.xaml","33","KernelSourceDialog_33"
"界面·静态(XAML)","★ 推荐「从资源站获取」：会自动使用最新版本，无需自己下载；资源站不可用时会自动改用软件内置内核。","★ “Get from the mod site” is recommended: it always uses the latest version and needs no manual download; if the site is unavailable, AMM falls back to the bundled kernel.","★「Mod サイトから取得」を推奨：常に最新版を使えるので自分でダウンロードする必要はありません。サイトが利用できない場合は内蔵カーネルに自動で切り替わります。","★ ‘모드 사이트에서 받기’를 권장합니다: 항상 최신 버전을 사용하며 직접 내려받을 필요가 없습니다. 사이트를 사용할 수 없으면 내장 커널로 자동 전환됩니다.","★ 建議「從資源站取得」：會自動使用最新版本，無需自行下載；資源站無法使用時會自動改用軟體內建內核。","DeepSeek 机翻（待校对）","1","src\AdofaiModManager\Views\Dialogs\KernelSourceDialog.xaml","38","KernelSourceDialog_38"
"界面·静态(XAML)","「使用内置内核」：离线可用（内核随软件分发）。　「导入本地 zip」：先从 Nexus Mods 等处下载 UnityModManager 压缩包，再在这里导入。","“Use bundled kernel”: works offline (the kernel ships with AMM).  “Import local zip”: download a UnityModManager archive from Nexus Mods or elsewhere first, then import it here.","「内蔵カーネルを使う」：オフラインでも可（カーネルは同梱）。　「ローカル zip を読み込む」：Nexus Mods などから UnityModManager のアーカイブを先にダウンロードし、ここで読み込みます。","‘내장 커널 사용’: 오프라인에서도 가능(커널이 함께 배포됩니다).  ‘로컬 zip 가져오기’: Nexus Mods 등에서 UnityModManager 압축 파일을 먼저 내려받은 뒤 여기서 가져오세요.","「使用內建內核」：離線可用（內核隨軟體分發）。　「匯入本機 zip」：先從 Nexus Mods 等處下載 UnityModManager 壓縮檔，再在這裡匯入。","DeepSeek 机翻（待校对）","1","src\AdofaiModManager\Views\Dialogs\KernelSourceDialog.xaml","43","KernelSourceDialog_43"
"界面·静态(XAML)","取消","Cancel","キャンセル","취소","取消","DeepSeek 机翻（待校对）","2","src\AdofaiModManager\Views\Dialogs\KernelSourceDialog.xaml","46","KernelSourceDialog_46"
"界面·静态(XAML)","从资源站获取","Get from mod site","Mod サイトから取得","모드 사이트에서 받기","從資源站取得","DeepSeek 机翻（待校对）","1","src\AdofaiModManager\Views\Dialogs\KernelSourceDialog.xaml","49","KernelSourceDialog_49"
"界面·静态(XAML)","确定","OK","OK","확인","確定","DeepSeek 机翻（待校对）","1","src\AdofaiModManager\Views\Dialogs\TextInputDialog.xaml","32","TextInputDialog_32"
"界面·静态(XAML)","收藏","Favorites","お気に入り","즐겨찾기","收藏","DeepSeek 机翻（待校对）","4","src\AdofaiModManager\Views\Pages\FavoritesPage.xaml","7","FavoritesPage_7"
"界面·静态(XAML)","正在读取…","Loading…","読み込み中…","불러오는 중…","正在讀取…","DeepSeek 机翻（待校对）","2","src\AdofaiModManager\Views\Pages\FavoritesPage.xaml","21","FavoritesPage_21"
"界面·静态(XAML)","刷新","Refresh","更新","새로 고침","重新整理","DeepSeek 机翻（待校对）","3","src\AdofaiModManager\Views\Pages\FavoritesPage.xaml","28","FavoritesPage_28"
"界面·静态(XAML)","安装","Install","インストール","설치","安裝","DeepSeek 机翻（待校对）","2","src\AdofaiModManager\Views\Pages\FavoritesPage.xaml","97","FavoritesPage_97"
"界面·静态(XAML)","打开页面","Open page","ページを開く","페이지 열기","開啟頁面","DeepSeek 机翻（待校对）","1","src\AdofaiModManager\Views\Pages\FavoritesPage.xaml","100","FavoritesPage_100"
"界面·静态(XAML)","移除","Remove","削除","제거","移除","DeepSeek 机翻（待校对）","1","src\AdofaiModManager\Views\Pages\FavoritesPage.xaml","101","FavoritesPage_101"
"界面·静态(XAML)","已安装","Installed","インストール済み","설치됨","已安裝","DeepSeek 机翻（待校对）","2","src\AdofaiModManager\Views\Pages\InstalledModsPage.xaml","7","InstalledModsPage_7"
"界面·静态(XAML)","已安装的 Mod","Installed mods","インストール済みの Mod","설치된 모드","已安裝的 Mod","DeepSeek 机翻（待校对）","1","src\AdofaiModManager\Views\Pages\InstalledModsPage.xaml","21","InstalledModsPage_21"
"界面·静态(XAML)","检查全部更新","Check all for updates","すべての更新を確認","전체 업데이트 확인","檢查全部更新","DeepSeek 机翻（待校对）","1","src\AdofaiModManager\Views\Pages\InstalledModsPage.xaml","34","InstalledModsPage_34"
"界面·静态(XAML)","安装本地 zip","Install local zip","ローカル zip をインストール","로컬 zip 설치","安裝本機 zip","DeepSeek 机翻（待校对）","1","src\AdofaiModManager\Views\Pages\InstalledModsPage.xaml","42","InstalledModsPage_42"
"界面·静态(XAML)","启用","Enabled","有効","사용","啟用","DeepSeek 机翻（待校对）","1","src\AdofaiModManager\Views\Pages\InstalledModsPage.xaml","133","InstalledModsPage_133"
"界面·静态(XAML)","打开文件夹","Open folder","フォルダーを開く","폴더 열기","開啟資料夾","DeepSeek 机翻（待校对）","1","src\AdofaiModManager\Views\Pages\InstalledModsPage.xaml","138","InstalledModsPage_138"
"界面·静态(XAML)","卸载","Uninstall","アンインストール","삭제","解除安裝","DeepSeek 机翻（待校对）","1","src\AdofaiModManager\Views\Pages\InstalledModsPage.xaml","139","InstalledModsPage_139"
"界面·静态(XAML)","检查更新","Check for updates","更新を確認","업데이트 확인","檢查更新","DeepSeek 机翻（待校对）","2","src\AdofaiModManager\Views\Pages\InstalledModsPage.xaml","163","InstalledModsPage_163"
"界面·静态(XAML)","更新","Update","更新","업데이트","更新","DeepSeek 机翻（待校对）","1","src\AdofaiModManager\Views\Pages\InstalledModsPage.xaml","167","InstalledModsPage_167"
"界面·静态(XAML)","绑定 GitHub","Link GitHub","GitHub を紐付け","GitHub 연결","綁定 GitHub","DeepSeek 机翻（待校对）","1","src\AdofaiModManager\Views\Pages\InstalledModsPage.xaml","169","InstalledModsPage_169"
"界面·静态(XAML)","UMM 环境","UMM environment","UMM 環境","UMM 환경","UMM 環境","DeepSeek 机翻（待校对）","3","src\AdofaiModManager\Views\Pages\LoaderPage.xaml","7","LoaderPage_7"
"界面·静态(XAML)","检测和管理游戏里的 mod 加载器（原本由 UnityModManager 负责注入）。","Detect and manage the in-game mod loader (normally injected by UnityModManager).","ゲーム内の Mod ローダーを検出・管理します（本来は UnityModManager が注入する部分です）。","게임 내 모드 로더를 감지하고 관리합니다(원래 UnityModManager가 담당하는 주입 작업입니다).","偵測並管理遊戲裡的 mod 載入器（原本由 UnityModManager 負責注入）。","DeepSeek 机翻（待校对）","1","src\AdofaiModManager\Views\Pages\LoaderPage.xaml","21","LoaderPage_21"
"界面·静态(XAML)","检测中…","Checking…","確認中…","확인 중…","偵測中…","DeepSeek 机翻（待校对）","1","src\AdofaiModManager\Views\Pages\LoaderPage.xaml","36","LoaderPage_36"
"界面·静态(XAML)","操作","Actions","操作","작업","操作","DeepSeek 机翻（待校对）","1","src\AdofaiModManager\Views\Pages\LoaderPage.xaml","45","LoaderPage_45"
"界面·静态(XAML)","检查内核更新","Check kernel updates","カーネルの更新を確認","커널 업데이트 확인","檢查內核更新","DeepSeek 机翻（待校对）","1","src\AdofaiModManager\Views\Pages\LoaderPage.xaml","56","LoaderPage_56"
"界面·静态(XAML)","回滚内核","Roll back kernel","カーネルをロールバック","커널 롤백","回復內核","DeepSeek 机翻（待校对）","1","src\AdofaiModManager\Views\Pages\LoaderPage.xaml","61","LoaderPage_61"
"界面·静态(XAML)","卸载加载器","Uninstall loader","ローダーをアンインストール","로더 삭제","解除安裝載入器","DeepSeek 机翻（待校对）","1","src\AdofaiModManager\Views\Pages\LoaderPage.xaml","66","LoaderPage_66"
"界面·静态(XAML)","打开游戏目录","Open game folder","ゲームフォルダーを開く","게임 폴더 열기","開啟遊戲目錄","DeepSeek 机翻（待校对）","1","src\AdofaiModManager\Views\Pages\LoaderPage.xaml","70","LoaderPage_70"
"界面·静态(XAML)","Steam 启动","Launch via Steam","Steam で起動","Steam으로 실행","用 Steam 啟動","DeepSeek 机翻（待校对）","1","src\AdofaiModManager\Views\Pages\LoaderPage.xaml","75","LoaderPage_75"
"界面·静态(XAML)","通过 Steam 启动：成就、云存档、游玩时长都正常记录（推荐）","Launch via Steam: achievements, cloud saves and playtime are recorded properly (recommended)","Steam から起動：実績・クラウドセーブ・プレイ時間が正常に記録されます（推奨）","Steam으로 실행: 도전과제, 클라우드 저장, 플레이 시간이 정상 기록됩니다 (권장)","透過 Steam 啟動：成就、雲端存檔、遊玩時數都會正常記錄（建議）","DeepSeek 机翻（待校对）","1","src\AdofaiModManager\Views\Pages\LoaderPage.xaml","76","LoaderPage_76"
"界面·静态(XAML)","直接启动","Launch directly","直接起動","직접 실행","直接啟動","DeepSeek 机翻（待校对）","1","src\AdofaiModManager\Views\Pages\LoaderPage.xaml","83","LoaderPage_83"
"界面·静态(XAML)","直接运行游戏 exe：启动更快、不必等 Steam；但成就 / 云存档可能不同步","Run the game exe directly: starts faster without waiting for Steam, but achievements and cloud saves may not sync","ゲームの exe を直接実行：Steam を待たないので起動が速いですが、実績・クラウドセーブが同期されない場合があります","게임 exe를 직접 실행: Steam을 기다리지 않아 더 빠르지만 도전과제/클라우드 저장이 동기화되지 않을 수 있습니다","直接執行遊戲 exe：啟動更快、不必等 Steam；但成就／雲端存檔可能不會同步","DeepSeek 机翻（待校对）","1","src\AdofaiModManager\Views\Pages\LoaderPage.xaml","85","LoaderPage_85"
"界面·静态(XAML)","说明：加载器采用 UnityDoorstop（DoorstopProxy）方式注入，只会在游戏目录写入 winhttp.dll、doorstop_config.ini，并在 ..._Data\Managed\UnityModManager 下放置加载器文件。卸载会移除这些文件（不影响 Mods 里的 mod）。","Note: the loader is injected with UnityDoorstop (DoorstopProxy). It only writes winhttp.dll and doorstop_config.ini into the game folder and puts the loader files under ..._Data\Managed\UnityModManager. Uninstalling removes those files (your mods in Mods are untouched).","補足：ローダーは UnityDoorstop（DoorstopProxy）方式で注入します。ゲームフォルダーに winhttp.dll と doorstop_config.ini を書き込み、..._Data\Managed\UnityModManager にローダーファイルを配置するだけです。アンインストールするとこれらのファイルを削除します（Mods 内の Mod には影響しません）。","참고: 로더는 UnityDoorstop(DoorstopProxy) 방식으로 주입됩니다. 게임 폴더에 winhttp.dll과 doorstop_config.ini를 쓰고 ..._Data\Managed\UnityModManager 아래에 로더 파일을 넣을 뿐입니다. 삭제하면 이 파일들이 제거됩니다(Mods 안의 모드에는 영향 없음).","說明：載入器採用 UnityDoorstop（DoorstopProxy）方式注入，只會在遊戲目錄寫入 winhttp.dll、doorstop_config.ini，並在 ..._Data\Managed\UnityModManager 下放置載入器檔案。解除安裝會移除這些檔案（不影響 Mods 裡的 mod）。","DeepSeek 机翻（待校对）","1","src\AdofaiModManager\Views\Pages\LoaderPage.xaml","92","LoaderPage_92"
"界面·静态(XAML)","在线 Mod","Online Mods","オンライン Mod","온라인 모드","線上 Mod","DeepSeek 机翻（待校对）","3","src\AdofaiModManager\Views\Pages\OnlineModsPage.xaml","7","OnlineModsPage_7"
"界面·静态(XAML)","浏览资源站上的 mod，一键下载安装。","Browse mods on the mod site and install them in one click.","Mod サイトの Mod を閲覧してワンクリックでインストールできます。","모드 사이트의 모드를 둘러보고 한 번에 설치합니다.","瀏覽資源站上的 mod，一鍵下載安裝。","DeepSeek 机翻（待校对）","1","src\AdofaiModManager\Views\Pages\OnlineModsPage.xaml","23","OnlineModsPage_23"
"界面·静态(XAML)","搜索 mod 名称或关键词","Search mod name or keywords","Mod 名やキーワードで検索","모드 이름 또는 키워드 검색","搜尋 mod 名稱或關鍵字","DeepSeek 机翻（待校对）","1","src\AdofaiModManager\Views\Pages\OnlineModsPage.xaml","38","OnlineModsPage_38"
"界面·静态(XAML)","最近更新","Recently updated","最近の更新","최근 업데이트","最近更新","DeepSeek 机翻（待校对）","1","src\AdofaiModManager\Views\Pages\OnlineModsPage.xaml","44","OnlineModsPage_44"
"界面·静态(XAML)","按下载量","By downloads","ダウンロード数順","다운로드순","依下載量","DeepSeek 机翻（待校对）","1","src\AdofaiModManager\Views\Pages\OnlineModsPage.xaml","45","OnlineModsPage_45"
"界面·静态(XAML)","按收藏量","By favorites","お気に入り数順","즐겨찾기순","依收藏數","DeepSeek 机翻（待校对）","1","src\AdofaiModManager\Views\Pages\OnlineModsPage.xaml","46","OnlineModsPage_46"
"界面·静态(XAML)","搜索","Search","検索","검색","搜尋","DeepSeek 机翻（待校对）","1","src\AdofaiModManager\Views\Pages\OnlineModsPage.xaml","58","OnlineModsPage_58"
"界面·静态(XAML)","从左侧选择一个 mod 查看详情","Select a mod on the left to see details","左側の Mod を選ぶと詳細が表示されます","왼쪽에서 모드를 선택하면 상세 정보가 표시됩니다","從左側選擇一個 mod 檢視詳情","DeepSeek 机翻（待校对）","1","src\AdofaiModManager\Views\Pages\OnlineModsPage.xaml","204","OnlineModsPage_204"
"界面·静态(XAML)","版本","Version","バージョン","버전","版本","DeepSeek 机翻（待校对）","1","src\AdofaiModManager\Views\Pages\OnlineModsPage.xaml","242","OnlineModsPage_242"
"界面·静态(XAML)","简介","Description","説明","설명","簡介","DeepSeek 机翻（待校对）","1","src\AdofaiModManager\Views\Pages\OnlineModsPage.xaml","269","OnlineModsPage_269"
"界面·静态(XAML)","版本与文件","Versions & files","バージョンとファイル","버전 및 파일","版本與檔案","DeepSeek 机翻（待校对）","1","src\AdofaiModManager\Views\Pages\OnlineModsPage.xaml","272","OnlineModsPage_272"
"界面·静态(XAML)","加载更多","Load more","さらに読み込む","더 불러오기","載入更多","DeepSeek 机翻（待校对）","1","src\AdofaiModManager\Views\Pages\OnlineModsPage.xaml","316","OnlineModsPage_316"
"界面·静态(XAML)","设置","Settings","設定","설정","設定","DeepSeek 机翻（待校对）","3","src\AdofaiModManager\Views\Pages\SettingsPage.xaml","7","SettingsPage_7"
"界面·静态(XAML)","外观","Appearance","外観","모양","外觀","DeepSeek 机翻（待校对）","1","src\AdofaiModManager\Views\Pages\SettingsPage.xaml","13","SettingsPage_13"
"界面·静态(XAML)","跟随系统","Follow system","システムに従う","시스템 설정 따르기","跟隨系統","DeepSeek 机翻（待校对）","1","src\AdofaiModManager\Views\Pages\SettingsPage.xaml","18","SettingsPage_18"
"界面·静态(XAML)","浅色","Light","ライト","밝게","淺色","DeepSeek 机翻（待校对）","1","src\AdofaiModManager\Views\Pages\SettingsPage.xaml","24","SettingsPage_24"
"界面·静态(XAML)","深色","Dark","ダーク","어둡게","深色","DeepSeek 机翻（待校对）","1","src\AdofaiModManager\Views\Pages\SettingsPage.xaml","29","SettingsPage_29"
"界面·静态(XAML)","「跟随系统」会自动读取 Windows 的浅色 / 深色模式，并在系统切换时实时跟随。","“Follow system” reads the Windows light/dark setting and switches with it in real time.","「システムに従う」は Windows のライト／ダーク設定を読み取り、切り替えるとリアルタイムで追従します。","‘시스템 설정 따르기’는 Windows의 밝게/어둡게 설정을 읽어 실시간으로 함께 전환합니다.","「跟隨系統」會自動讀取 Windows 的淺色／深色模式，並在系統切換時即時跟隨。","DeepSeek 机翻（待校对）","1","src\AdofaiModManager\Views\Pages\SettingsPage.xaml","36","SettingsPage_36"
"界面·静态(XAML)","游戏版本","Game version","ゲームバージョン","게임 버전","遊戲版本","DeepSeek 机翻（待校对）","1","src\AdofaiModManager\Views\Pages\SettingsPage.xaml","69","SettingsPage_69"
"界面·静态(XAML)","留空则自动检测","Leave empty to detect automatically","空欄の場合は自動検出","비워 두면 자동 감지","留空則自動偵測","DeepSeek 机翻（待校对）","1","src\AdofaiModManager\Views\Pages\SettingsPage.xaml","71","SettingsPage_71"
"界面·静态(XAML)","资源站","Mod site","Mod サイト","모드 사이트","資源站","DeepSeek 机翻（待校对）","1","src\AdofaiModManager\Views\Pages\SettingsPage.xaml","80","SettingsPage_80"
"界面·静态(XAML)","站点地址（URL）","Site URL","サイトの URL","사이트 주소(URL)","站點網址（URL）","DeepSeek 机翻（待校对）","1","src\AdofaiModManager\Views\Pages\SettingsPage.xaml","81","SettingsPage_81"
"界面·静态(XAML)","API key（在资源站的「个人中心」创建）","API key (create it on the mod site's profile page)","API キー（Mod サイトのプロフィールページで作成）","API 키 (모드 사이트 프로필 페이지에서 생성)","API key（在資源站的「個人中心」建立）","DeepSeek 机翻（待校对）","1","src\AdofaiModManager\Views\Pages\SettingsPage.xaml","85","SettingsPage_85"
"界面·静态(XAML)","可以换成任何实现相同接口的资源站，接入规范见 docs/RESOURCE-SITE-API.md。API key 只保存在本机，公开版本不内置任何 key。","You can point this at any site that implements the same API — see docs/RESOURCE-SITE-API.md. The API key is stored locally only; the public build ships without one.","同じ API を実装していれば別のサイトも指定できます（docs/RESOURCE-SITE-API.md 参照）。API キーは本機にのみ保存され、公開版には同梱されません。","같은 API를 구현한 사이트라면 어디든 지정할 수 있습니다(docs/RESOURCE-SITE-API.md 참고). API 키는 이 PC에만 저장되며 공개 빌드에는 포함되지 않습니다.","可以換成任何實作相同介面的資源站，接入規範見 docs/RESOURCE-SITE-API.md。API key 只會保存在本機，公開版本不內建任何 key。","DeepSeek 机翻（待校对）","1","src\AdofaiModManager\Views\Pages\SettingsPage.xaml","105","SettingsPage_105"
"界面·静态(XAML)","更新检查","Update checks","更新チェック","업데이트 확인","更新檢查","DeepSeek 机翻（待校对）","1","src\AdofaiModManager\Views\Pages\SettingsPage.xaml","109","SettingsPage_109"
"界面·静态(XAML)","打开软件时自动检查更新","Check for updates when AMM starts","起動時に更新を確認する","AMM 시작 시 업데이트 확인","開啟軟體時自動檢查更新","DeepSeek 机翻（待校对）","1","src\AdofaiModManager\Views\Pages\SettingsPage.xaml","112","SettingsPage_112"
"界面·静态(XAML)","同时查询 GitHub（作者通常首发在这里，比资源站快）","Also check GitHub (authors usually publish there first)","GitHub も確認する（作者はたいてい先にここで公開します）","GitHub도 함께 확인 (제작자가 보통 여기에 먼저 올립니다)","同時查詢 GitHub（作者通常首發在這裡，比資源站快）","DeepSeek 机翻（待校对）","1","src\AdofaiModManager\Views\Pages\SettingsPage.xaml","117","SettingsPage_117"
"界面·静态(XAML)","两个来源都会查，取版本更高的那个（版本相同时优先用资源站）。GitHub 在国内可能连不上，连不上会自动忽略、只用资源站的结果；关掉这项可以让检查更快更安静。","Both sources are checked and the higher version wins (the mod site is preferred on a tie). GitHub may be unreachable in some regions; failures are ignored silently and only the mod site is used. Turning this off makes checks faster and quieter.","両方の取得元を確認し、バージョンが高い方を採用します（同じ場合は Mod サイトを優先）。GitHub に接続できない場合は自動的に無視され、Mod サイトの結果のみを使います。オフにすると確認が速く静かになります。","두 출처를 모두 확인해 더 높은 버전을 사용합니다(같으면 모드 사이트 우선). GitHub에 연결되지 않으면 자동으로 무시하고 모드 사이트 결과만 사용합니다. 끄면 확인이 더 빠르고 조용해집니다.","兩個來源都會查，取版本較高者（版本相同時優先使用資源站）。GitHub 在國內可能連不上，連不上會自動忽略、只用資源站的結果；關掉這項可以讓檢查更快更安靜。","DeepSeek 机翻（待校对）","1","src\AdofaiModManager\Views\Pages\SettingsPage.xaml","122","SettingsPage_122"
"界面·静态(XAML)","其它","Other","その他","기타","其他","DeepSeek 机翻（待校对）","1","src\AdofaiModManager\Views\Pages\SettingsPage.xaml","127","SettingsPage_127"
"界面·静态(XAML)","重新运行首次使用向导","Run the first-time setup again","初回セットアップを再実行","초기 설정 다시 실행","重新執行首次使用嚮導","DeepSeek 机翻（待校对）","1","src\AdofaiModManager\Views\Pages\SettingsPage.xaml","130","SettingsPage_130"
"界面·静态(XAML)","关于","About","このアプリについて","정보","關於","DeepSeek 机翻（待校对）","1","src\AdofaiModManager\Views\Pages\SettingsPage.xaml","134","SettingsPage_134"
"界面·静态(XAML)","立即更新","Update now","今すぐ更新","지금 업데이트","立即更新","DeepSeek 机翻（待校对）","2","src\AdofaiModManager\Views\Pages\SettingsPage.xaml","148","SettingsPage_148"
"界面·静态(XAML)","自动下载并替换为新版本（绿色版解压覆盖；安装版会调用安装程序）","Download and replace with the new version automatically (portable: extract & overwrite; installed: runs the installer)","新しいバージョンを自動でダウンロードして置き換えます（ポータブル版は解凍して上書き、インストール版はインストーラーを起動）","새 버전을 자동으로 내려받아 교체합니다(포터블: 압축 해제 후 덮어쓰기, 설치 버전: 설치 프로그램 실행)","自動下載並取代為新版本（免安裝版解壓縮覆蓋；安裝版會呼叫安裝程式）","DeepSeek 机翻（待校对）","1","src\AdofaiModManager\Views\Pages\SettingsPage.xaml","150","SettingsPage_150"
"界面·静态(XAML)","基于 UnityModManager（MIT，© 2018 newman55）。本软件同样以 MIT 许可开源。","Based on UnityModManager (MIT, © 2018 newman55). This app is also open source under the MIT license.","UnityModManager（MIT、© 2018 newman55）を利用しています。本ソフトも MIT ライセンスで公開されています。","UnityModManager(MIT, © 2018 newman55) 기반입니다. 이 프로그램도 MIT 라이선스로 공개됩니다.","基於 UnityModManager（MIT，© 2018 newman55）。本軟體同樣以 MIT 授權開放原始碼。","DeepSeek 机翻（待校对）","1","src\AdofaiModManager\Views\Pages\SettingsPage.xaml","164","SettingsPage_164"
"日志(建议改英文)","[appupdate] 检查结果：没有新版本","","","","","","1","src\AdofaiModManager\MainWindow.xaml.cs","58","MainWindow.xaml_58"
"日志(建议改英文)","[appupdate] 发现新版本 {info.Version}（来源 {info.SourceLabel}）","","","","","","1","src\AdofaiModManager\MainWindow.xaml.cs","62","MainWindow.xaml_62"
"日志(建议改英文)","[selfupdate] 解压到 {payloadDir}，顶层文件示例：{top}","","","","","","1","src\AdofaiModManager\Services\AppSelfUpdater.cs","127","AppSelfUpdater_127"
"日志(建议改英文)","[appupdate] 测试包={testPackage} 包内版本={test.Version} 当前={CurrentVersion} 判定更新={newer}","","","","","","1","src\AdofaiModManager\Services\AppUpdateService.cs","95","AppUpdateService_95"
"日志(建议改英文)","[appupdate] 开始检查（当前 {CurrentVersion}）","","","","","","1","src\AdofaiModManager\Services\AppUpdateService.cs","100","AppUpdateService_100"
"日志(建议改英文)","[check] 开始检查 {mods.Count} 个 mod","","","","","","1","src\AdofaiModManager\Services\UpdateCenter.cs","173","UpdateCenter_173"
"日志(建议改英文)","[check] GitHub 状态 = {gitHubState}（{stopwatch.ElapsedMilliseconds}ms）","","","","","","1","src\AdofaiModManager\Services\UpdateCenter.cs","176","UpdateCenter_176"
"日志(建议改英文)","[check] 站点映射就绪，{_siteMap.Count} 条（{stopwatch.ElapsedMilliseconds}ms）","","","","","","1","src\AdofaiModManager\Services\UpdateCenter.cs","180","UpdateCenter_180"
"日志(建议改英文)","[check] {mod.Id} 用时 {stopwatch.ElapsedMilliseconds - before}ms","","","","","","1","src\AdofaiModManager\Services\UpdateCenter.cs","189","UpdateCenter_189"
"日志(建议改英文)","[check] 循环结束，开始通知界面（{stopwatch.ElapsedMilliseconds}ms）","","","","","","1","src\AdofaiModManager\Services\UpdateCenter.cs","194","UpdateCenter_194"
"日志(建议改英文)","[check] 完成（{stopwatch.ElapsedMilliseconds}ms）","","","","","","1","src\AdofaiModManager\Services\UpdateCenter.cs","197","UpdateCenter_197"
"日志(建议改英文)","[reload] {mod.Id} 处理失败：{ex}","","","","","","1","src\AdofaiModManager\Views\Pages\InstalledModsPage.xaml.cs","103","InstalledModsPage.xaml_103"
"日志(建议改英文)","ListBox 收到 PreviewMouseLeftButtonDown","","","","","","1","src\AdofaiModManager\Views\Pages\OnlineModsPage.xaml.cs","52","OnlineModsPage.xaml_52"
"日志(建议改英文)","Page 点击：页面逻辑=({p.X:0},{p.Y:0}) 屏幕=({sp.X:0},{sp.Y:0}) 源={e.OriginalSource?.GetType().Name}","","","","","","1","src\AdofaiModManager\Views\Pages\OnlineModsPage.xaml.cs","57","OnlineModsPage.xaml_57"
"日志(建议改英文)","ListBox 屏幕范围 左上=({tl.X:0},{tl.Y:0}) 尺寸={ModList.ActualWidth:0}x{ModList.ActualHeight:0}","","","","","","1","src\AdofaiModManager\Views\Pages\OnlineModsPage.xaml.cs","66","OnlineModsPage.xaml_66"
"日志(建议改英文)","SelectionChanged: 选中项不是 ModListItem","","","","","","1","src\AdofaiModManager\Views\Pages\OnlineModsPage.xaml.cs","472","OnlineModsPage.xaml_472"
"日志(建议改英文)","忽略过期请求 req={requestId}（当前 {_detailRequestId}）","","","","","","1","src\AdofaiModManager\Views\Pages\OnlineModsPage.xaml.cs","492","OnlineModsPage.xaml_492"
"日志(建议改英文)","详情已加载 -> {detail.DisplayName}","","","","","","1","src\AdofaiModManager\Views\Pages\OnlineModsPage.xaml.cs","514","OnlineModsPage.xaml_514"
"异常消息","请求超时，请检查网络或代理设置。","","","","","","1","src\AdofaiModManager\Services\AdofaiToolsClient.cs","210","AdofaiToolsClient_210"
"异常消息","网络请求失败：{ex.Message}","","","","","","1","src\AdofaiModManager\Services\AdofaiToolsClient.cs","214","AdofaiToolsClient_214"
"异常消息","API key 无效或未填写（401）。请到「设置」里填写正确的 key。","","","","","","1","src\AdofaiModManager\Services\AdofaiToolsClient.cs","223","AdofaiToolsClient_223"
"异常消息","接口返回了空数据。","","","","","","1","src\AdofaiModManager\Services\AdofaiToolsClient.cs","238","AdofaiToolsClient_238"
"异常消息","解析接口数据失败：{ex.Message}","","","","","","1","src\AdofaiModManager\Services\AdofaiToolsClient.cs","245","AdofaiToolsClient_245"
"异常消息","GitHub 接口访问受限（可能是请求太频繁），请稍后再试。","","","","","","1","src\AdofaiModManager\Services\GitHubUpdateService.cs","319","GitHubUpdateService_319"
"异常消息","地址不存在（404）。请检查更新源地址是否正确。","","","","","","1","src\AdofaiModManager\Services\GitHubUpdateService.cs","324","GitHubUpdateService_324"
